<?xml version="1.0" encoding="UTF-8" standalone="yes"?>
<addon id="plugin.audio.muzebra.com"
       name="Muzebra"
       version="1.1.5"
       provider-name="mrstealth">
  <requires>
    <import addon="xbmc.python" version="2.0"/>
    <import addon="script.module.parsedom" version="2.0.1"/>
  </requires>
  <extension point="xbmc.python.pluginsource" provides="audio" library="default.py">
        <provides>audio</provides>
  </extension>
  <extension point="xbmc.addon.metadata">
    <platform>all</platform>
    <summary lang="en">Listen to music with only the best site muzebra.com</summary>
    <summary lang="ru">Muzebra (ex Z-Music.Org) поисковик музыки и онлайн плеер музыки.</summary>
    <description lang="en">Listen to music with only the best site muzebra.com</description>
    <description lang="ru">Muzebra (ex Z-Music.Org) поисковик музыки и онлайн плеер музыки.</description>
  </extension>
</addon>
