<?xml version="1.0" encoding="UTF-8" standalone="yes"?>
<addon id="plugin.video.1tv.ru" name="Первый канал" version="1.0.1" provider-name="mrstealth">
  <requires>
    <import addon="xbmc.python" version="2.0"/>
    <import addon="script.module.xbmc.helpers" version="2.0.1"/>
  </requires>
  <extension point="xbmc.python.pluginsource" provides="video" library="default.py">
    <provides>video</provides>
  </extension>
  <extension point="xbmc.addon.metadata">
    <summary>XBMC add-on for http://www.1tv.ru/</summary>
    <description>For personal use only</description>
    <platform>all</platform>
  </extension>
</addon>
