﻿<?xml version="1.0" encoding="UTF-8" standalone="yes"?>
<addon id="plugin.video.mrstealth.filmix.net" name="Filmix.net" version="1.0.0" provider-name="MrStealth">
    <requires>
        <import addon="xbmc.python" version="2.0"/>
        <import addon="script.module.xbmc.helpers" version="2.0.1"/>
        <import addon="script.module.translit" version="1.0.3"/>
    </requires>
    <extension point="xbmc.python.pluginsource" provides="video" library="default.py">>
        <provides>video</provides>
    </extension>
    <extension point= "xbmc.addon.metadata">
        <summary>Filmix.net</summary>
        <description>Видео-микс онлайн</description>
        <description>For personal use only</description>
        <platform>all</platform>
    </extension>
</addon>
