<?xml version="1.0" encoding="UTF-8" standalone="yes"?>
<addon id="plugin.video.kinosolo.ru" name="Kinosolo.ru (UnifiedSearch)" version="1.1.1" provider-name="MrStealth">
  <requires>
    <import addon="xbmc.python" version="2.0"/>
    <import addon="script.module.xbmc.helpers" version="2.0.1"/>
  </requires>
  <extension point="xbmc.python.pluginsource" provides="video" library="default.py">
    <provides>video</provides>
  </extension>
  <extension point="xbmc.addon.metadata">
    <summary>Kinosolo.ru (unified_search)</summary>
    <description>For personal use only</description>
    <platform>all</platform>
    <unified_search>Supported</unified_search>
  </extension>
</addon>
