<?xml version="1.0" encoding="UTF-8" standalone="yes"?>
<addon id="plugin.video.go2load-reloaded.com"
       name="Go2Load-reloaded.com"
       version="1.0.0"
       provider-name="Tolin">
  <requires>
    <import addon="xbmc.python" version="2.0"/>
    <import addon="script.module.parsedom" version="1.2.1"/>
  </requires>
  <extension point="xbmc.python.pluginsource"
             provides="video"
             library="default.py">
    <provides>video</provides>
  </extension>
  <extension point="xbmc.addon.metadata">
    <summary>Фильмы онлайн в HD/SD</summary>
    <description>Фильмы онлайн</description>
    <platform>all</platform>
  </extension>
</addon>
