﻿<?xml version="1.0" encoding="UTF-8" standalone="yes"?>
<addon id="plugin.video.stepashka.com"
       name="stepashka.com"
       version="0.1.19"
       provider-name="nuismons">
    <requires>
        <import addon="xbmc.python" version="1.0"/>
        <import addon="script.module.beautifulsoup"/>
		<import addon="script.module.intkeyboard"/>
    </requires>
    <extension point="xbmc.python.pluginsource" provides="video" library="default.py">
        <provides>video</provides>
    </extension>
    <extension point="xbmc.addon.metadata">
        <summary>Видеоархивы stepashka.com</summary>
        <description>Видеоархивы stepashka.com</description>
        <platform>all</platform>
    </extension>
</addon>
