<?xml version="1.0" encoding="UTF-8" standalone="yes"?>
<addon id="plugin.video.uakino-reloaded.net"
       name="Uakino.net (reloaded)"
       version="1.0.3"
       provider-name="MrStealth">
  <requires>
    <import addon="xbmc.python" version="2.0"/>
    <import addon="script.module.parsedom" version="1.2.1"/>
  </requires>
  <extension point="xbmc.python.pluginsource"
             provides="video"
             library="default.py">
    <provides>video</provides>
  </extension>
  <extension point="xbmc.addon.metadata">
    <summary>Uakino.net (reloaded)</summary>
    <description>For personal use only</description>
    <platform>all</platform>
  </extension>
</addon>
